City_ID,City,Country,Date,Lat,Lng,Max Temp,Humidity,Cloudiness,Wind Speed
0,Fairbanks,US,21-04-09 01:30:02,64.8378,-147.7164,10.0,66,90,21.85
1,Busselton,AU,21-04-09 01:31:29,-33.65,115.3333,64.0,65,0,1.99
2,Krasnyy Kut,RU,21-04-09 01:31:29,50.95,46.9667,40.39,90,100,17.29
3,Vaini,TO,21-04-09 01:31:29,-21.2,-175.2,78.8,78,40,5.75
4,Ushuaia,AR,21-04-09 01:31:30,-54.8,-68.3,41.0,65,20,20.71
5,Husavik,IS,21-04-09 01:31:30,66.0449,-17.3389,24.8,50,90,12.66
6,Chokurdakh,RU,21-04-09 01:31:30,70.6333,147.9167,0.27,86,100,9.6
7,Saskylakh,RU,21-04-09 01:31:31,71.9167,114.0833,-8.09,99,100,7.78
8,Punta Arenas,CL,21-04-09 01:31:31,-53.15,-70.9167,44.6,81,0,12.66
9,Kodiak,US,21-04-09 01:31:31,57.79,-152.4072,26.6,28,1,32.21
10,Sarankhola,BD,21-04-09 01:31:31,22.3082,89.7897,83.8,63,17,7.09
11,Castro,BR,21-04-09 01:28:02,-24.7911,-50.0119,59.41,96,60,7.23
12,Luena,AO,21-04-09 01:30:11,-11.7833,19.9167,58.71,88,80,2.8
13,Kazachinskoye,RU,21-04-09 01:31:32,57.6953,93.2761,35.11,87,100,4.72
14,Tuktoyaktuk,CA,21-04-09 01:31:32,69.4541,-133.0374,-7.6,77,75,9.22
15,Rikitea,PF,21-04-09 01:31:33,-23.1203,-134.9692,76.86,66,97,4.59
16,Jumla,NP,21-04-09 01:31:33,29.2747,82.1838,53.28,33,2,1.43
17,Shintomi,JP,21-04-09 01:31:33,32.0785,131.4723,64.4,42,75,12.66
18,Havelock,US,21-04-09 01:31:34,34.8791,-76.9013,66.0,77,1,4.61
19,Tasiilaq,GL,21-04-09 01:31:34,65.6145,-37.6368,14.0,79,100,2.3
20,Saint-Philippe,RE,21-04-09 01:31:34,-21.3585,55.7679,75.99,78,0,8.05
21,San Jose,US,21-04-09 01:27:24,37.3394,-121.895,66.99,42,40,12.66
22,Baturaja,ID,21-04-09 01:27:55,-4.1333,104.1667,77.65,83,36,3.06
23,Dikson,RU,21-04-09 01:31:35,73.5069,80.5464,5.45,75,100,10.87
24,Cherskiy,RU,21-04-09 01:31:35,68.75,161.3,14.61,67,100,5.66
25,Port Elizabeth,ZA,21-04-09 01:31:35,-33.918,25.5701,59.0,100,90,13.8
26,Charters Towers,AU,21-04-09 01:31:36,-20.1,146.2667,87.58,33,32,4.14
27,Chuy,UY,21-04-09 01:31:36,-33.6971,-53.4616,70.5,79,99,9.06
28,Atuona,PF,21-04-09 01:31:36,-9.8,-139.0333,81.25,72,0,15.86
29,Kapaa,US,21-04-09 01:31:37,22.0752,-159.319,77.0,57,90,17.27
30,Klaksvik,FO,21-04-09 01:31:37,62.2266,-6.589,30.2,69,75,21.85
31,Souillac,MU,21-04-09 01:31:37,-20.5167,57.5167,77.0,78,40,6.91
32,Hermanus,ZA,21-04-09 01:31:38,-34.4187,19.2345,60.01,88,37,1.01
33,Salalah,OM,21-04-09 01:31:38,17.0151,54.0924,77.0,53,0,4.61
34,Dronfield,GB,21-04-09 01:31:38,53.3022,-1.4751,45.0,78,100,1.01
35,Jamestown,US,21-04-09 01:31:39,42.097,-79.2353,66.2,42,1,14.97
36,San Pedro,PH,21-04-09 01:31:39,14.35,121.0167,86.0,58,20,5.75
37,Yellowknife,CA,21-04-09 01:31:39,62.456,-114.3525,12.2,57,20,11.5
38,Grosuplje,SI,21-04-09 01:31:39,45.9556,14.6589,30.99,73,2,1.52
39,Lebu,CL,21-04-09 01:31:40,-37.6167,-73.65,53.37,88,0,2.59
40,Mataura,NZ,21-04-09 01:31:40,-46.1927,168.8643,66.81,39,0,1.77
41,Tilichiki,RU,21-04-09 01:31:40,60.4667,166.1,21.42,79,100,12.88
42,Torbay,CA,21-04-09 01:31:41,47.6666,-52.7314,39.0,100,90,13.8
43,Norman Wells,CA,21-04-09 01:31:41,65.282,-126.8329,15.8,45,75,12.66
44,Lompoc,US,21-04-09 01:31:41,34.6391,-120.4579,55.4,71,64,14.97
45,Takoradi,GH,21-04-09 01:31:42,4.8845,-1.7554,79.84,86,100,7.27
46,Atar,MR,21-04-09 01:31:42,20.5169,-13.0499,77.11,20,0,10.04
47,Hasaki,JP,21-04-09 01:31:42,35.7333,140.8333,59.0,41,75,3.44
48,San Juan,AR,21-04-09 01:31:43,-31.5375,-68.5364,69.28,62,30,13.06
49,Angoram,PG,21-04-09 01:31:43,-4.0625,144.0661,88.84,57,100,3.91
50,Buta,CD,21-04-09 01:31:43,2.7858,24.73,69.26,99,100,1.72
51,Chara,RU,21-04-09 01:31:43,56.9064,118.2631,29.86,97,100,0.89
52,Guerrero Negro,MX,21-04-09 01:31:44,27.9769,-114.0611,64.87,66,1,14.97
53,Kostomuksha,RU,21-04-09 01:31:44,64.571,30.5767,24.28,86,14,9.01
54,Geraldton,AU,21-04-09 01:31:44,-28.7667,114.6,73.4,53,95,18.41
55,Upernavik,GL,21-04-09 01:31:45,72.7868,-56.1549,25.92,69,100,6.31
56,Bandarbeyla,SO,21-04-09 01:31:45,9.4942,50.8122,73.8,64,15,1.45
57,Whitehorse,CA,21-04-09 01:27:09,60.7161,-135.0538,28.99,68,90,9.22
58,Ahipara,NZ,21-04-09 01:31:45,-35.1667,173.1667,65.14,83,100,13.15
59,Nanortalik,GL,21-04-09 01:31:46,60.1432,-45.2371,35.44,80,100,12.3
60,Lagoa,PT,21-04-09 01:31:46,39.05,-27.9833,58.96,86,13,12.66
61,Alyangula,AU,21-04-09 01:31:46,-13.8483,136.4192,87.8,62,84,6.91
62,Albany,US,21-04-09 01:27:36,42.6001,-73.9662,62.6,42,20,8.05
63,Payo,ID,21-04-09 01:31:47,-3.7508,103.6372,81.81,70,18,3.74
64,Bengkulu,ID,21-04-09 01:31:47,-3.8004,102.2655,81.16,71,61,7.11
65,Bethel,US,21-04-09 01:31:47,41.3712,-73.414,57.2,54,1,6.91
66,Provideniya,RU,21-04-09 01:31:48,64.3833,-173.3,6.8,61,0,4.47
67,Orlik,RU,21-04-09 01:31:48,52.5178,99.825,26.11,73,76,0.89
68,Butaritari,KI,21-04-09 01:31:48,3.0707,172.7902,82.0,79,45,15.48
69,Baneh,IR,21-04-09 01:31:48,35.9975,45.8853,50.2,47,1,3.02
70,Carnarvon,AU,21-04-09 01:31:49,-24.8667,113.6333,78.8,61,90,14.97
71,Xining,CN,21-04-09 01:31:49,36.6167,101.7667,42.42,73,99,1.97
72,Kapit,MY,21-04-09 01:31:49,2.0167,112.9333,85.62,65,88,0.94
73,Thompson,CA,21-04-09 01:31:50,55.7435,-97.8558,48.2,40,75,3.44
74,Saldanha,ZA,21-04-09 01:31:50,-33.0117,17.9442,59.0,88,100,4.61
75,Dubti,ET,21-04-09 01:31:50,11.7361,41.0853,75.27,45,2,5.32
76,Cidreira,BR,21-04-09 01:31:51,-30.1811,-50.2056,74.16,79,100,20.83
77,Ponazyrevo,RU,21-04-09 01:31:51,58.3578,46.3142,30.63,89,55,10.0
78,Bonthe,SL,21-04-09 01:31:51,7.5264,-12.505,79.86,87,69,4.32
79,Red Bluff,US,21-04-09 01:31:52,40.1785,-122.2358,73.4,18,1,4.61
80,Grand Gaube,MU,21-04-09 01:31:52,-20.0064,57.6608,79.0,74,91,5.01
81,Hithadhoo,MV,21-04-09 01:31:52,-0.6,73.0833,82.35,66,17,11.07
82,Arraial Do Cabo,BR,21-04-09 01:31:52,-22.9661,-42.0278,75.29,73,45,18.03
83,Bredasdorp,ZA,21-04-09 01:31:53,-34.5322,20.0403,55.4,94,13,4.61
84,Chapais,CA,21-04-09 01:31:53,49.7834,-74.8492,46.4,81,90,9.22
85,Manono,CD,21-04-09 01:31:54,-7.3,27.4167,67.93,98,100,3.15
86,Bambous Virieux,MU,21-04-09 01:31:54,-20.3428,57.7575,79.0,78,40,6.91
87,Hilo,US,21-04-09 01:31:54,19.7297,-155.09,77.0,57,90,8.05
88,Sorland,NO,21-04-09 01:31:54,67.667,12.6934,32.25,55,38,9.91
89,Talnakh,RU,21-04-09 01:31:55,69.4865,88.3972,14.67,89,70,6.49
90,Tangshan,CN,21-04-09 01:31:55,39.6333,118.1833,59.29,22,100,12.39
91,Meulaboh,ID,21-04-09 01:31:55,4.1363,96.1285,80.15,82,91,3.24
92,Gorontalo,ID,21-04-09 01:31:56,0.5412,123.0595,85.39,70,99,3.51
93,Kurumkan,RU,21-04-09 01:31:56,54.3,110.3,41.58,61,34,4.45
94,Saint-Martin-Boulogne,FR,21-04-09 01:31:56,50.7269,1.6186,35.6,87,0,3.44
95,Mahebourg,MU,21-04-09 01:31:57,-20.4081,57.7,77.0,78,40,6.91
96,Asyut,EG,21-04-09 01:31:57,27.181,31.1837,62.6,48,0,11.5
97,Mahibadhoo,MV,21-04-09 01:31:57,3.7833,72.9667,82.13,73,10,9.75
98,Vaitape,PF,21-04-09 01:31:57,-16.5167,-151.75,82.06,69,10,8.19
99,Tiarei,PF,21-04-09 01:31:58,-17.5333,-149.3333,86.0,66,75,11.5
100,Nikolskoye,RU,21-04-09 01:31:58,59.7035,30.7861,33.01,74,0,8.95
101,Port Alfred,ZA,21-04-09 01:31:58,-33.5906,26.891,64.36,89,8,7.9
102,Tamiahua,MX,21-04-09 01:31:59,21.2667,-97.45,73.81,95,18,8.16
103,Olafsvik,IS,21-04-09 01:31:59,64.8945,-23.7142,25.2,52,0,12.55
104,Namatanai,PG,21-04-09 01:31:59,-3.6667,152.4333,80.2,83,100,12.12
105,Viedma,AR,21-04-09 01:32:00,-40.8135,-62.9967,62.42,73,63,7.0
106,Labuhan,ID,21-04-09 01:32:00,-6.8844,112.2051,83.8,75,99,5.08
107,Cape Town,ZA,21-04-09 01:32:00,-33.9258,18.4232,63.0,82,0,12.66
108,Ranong,TH,21-04-09 01:32:00,9.9658,98.6348,80.6,94,0,1.14
109,Huarmey,PE,21-04-09 01:32:01,-10.0681,-78.1522,69.67,88,74,7.4
110,Ust-Tsilma,RU,21-04-09 01:32:01,65.441,52.1498,38.26,95,100,17.18
111,Vao,NC,21-04-09 01:32:01,-22.6667,167.4833,75.79,87,100,23.89
112,Anyama,CI,21-04-09 01:32:02,5.4946,-4.0518,84.2,89,20,8.05
113,Grindavik,IS,21-04-09 01:32:02,63.8424,-22.4338,23.0,58,20,18.41
114,Blantyre,MW,21-04-09 01:32:02,-15.785,35.0085,59.63,92,100,4.45
115,Khanpur,PK,21-04-09 01:32:03,28.6453,70.6567,76.03,17,5,7.2
116,Sinnamary,GF,21-04-09 01:32:03,5.3833,-52.95,75.52,90,98,5.73
117,Khatanga,RU,21-04-09 01:32:03,71.9667,102.5,-3.64,92,100,6.11
118,Monchegorsk,RU,21-04-09 01:32:04,67.9397,32.8739,26.01,91,100,4.59
119,Fortuna Foothills,US,21-04-09 01:28:17,32.6578,-114.4119,91.99,12,1,19.57
120,Orbetello,IT,21-04-09 01:32:04,42.4408,11.2196,33.8,86,0,5.75
121,Longyearbyen,SJ,21-04-09 01:32:04,78.2186,15.6401,28.4,74,20,14.97
122,Leningradskiy,RU,21-04-09 01:32:05,69.3833,178.4167,-3.14,86,15,2.39
123,Rio Gallegos,AR,21-04-09 01:32:05,-51.6226,-69.2181,42.8,65,0,16.11
124,Airai,TL,21-04-09 01:32:05,-8.9266,125.4092,72.81,61,62,2.26
125,Teguise,ES,21-04-09 01:32:06,29.0605,-13.564,66.2,77,0,2.3
126,San Cristobal,VE,21-04-09 01:32:06,7.7669,-72.225,75.2,94,40,2.3
127,Dabat,ET,21-04-09 01:32:06,12.9842,37.765,60.87,38,52,2.64
128,Zhigansk,RU,21-04-09 01:32:07,66.7697,123.3711,10.78,80,100,20.09
129,Hobart,AU,21-04-09 01:28:37,-42.8794,147.3294,59.0,58,75,10.36
130,Alice Springs,AU,21-04-09 01:32:07,-23.7,133.8833,84.2,20,0,5.75
131,Moerai,PF,21-04-09 01:32:07,-22.4333,-151.3333,78.46,68,100,12.68
132,Ponta Delgada,PT,21-04-09 01:32:08,37.7333,-25.6667,59.0,88,75,17.27
133,Tiksi,RU,21-04-09 01:32:08,71.6872,128.8694,-5.13,99,100,8.9
134,Terrace,CA,21-04-09 01:30:01,54.5163,-128.6035,32.0,100,90,19.57
135,Mar Del Plata,AR,21-04-09 01:32:08,-38.0023,-57.5575,66.99,94,0,4.61
136,Qaanaaq,GL,21-04-09 01:32:09,77.484,-69.3632,7.92,67,100,5.95
137,Melilla,ES,21-04-09 01:32:09,35.2937,-2.9383,59.0,82,90,10.36
138,Aykhal,RU,21-04-09 01:32:09,66.0,111.5,0.72,91,97,18.79
139,Manggar,ID,21-04-09 01:32:10,-2.8833,108.2667,85.68,67,48,8.72
140,Dakar,SN,21-04-09 01:32:10,14.6937,-17.4441,69.8,83,0,13.8
141,Shilka,RU,21-04-09 01:32:10,51.85,116.0333,52.75,31,100,6.11
142,Sangmelima,CM,21-04-09 01:32:11,2.9333,11.9833,67.96,98,100,2.17
143,Aswan,EG,21-04-09 01:32:11,24.0934,32.907,73.15,22,2,13.06
144,Japura,ID,21-04-09 01:32:11,-0.3167,102.35,81.95,78,81,3.15
145,Karlstad,SE,21-04-09 01:32:12,59.3793,13.5036,39.2,100,90,24.16
146,Berlevag,NO,21-04-09 01:32:12,70.8578,29.0864,33.49,77,100,18.12
147,Arbuzynka,UA,21-04-09 01:32:12,47.9097,31.3196,32.31,71,0,6.98
148,Bluff,NZ,21-04-09 01:32:12,-46.6,168.3333,56.57,64,0,2.82
149,Ojinaga,MX,21-04-09 01:32:13,29.5667,-104.4167,89.6,6,1,4.61
150,Goderich,CA,21-04-09 01:30:07,43.7501,-81.7165,59.0,82,100,12.66
151,Kavaratti,IN,21-04-09 01:32:13,10.5669,72.642,83.34,65,60,8.75
152,Otjiwarongo,NA,21-04-09 01:32:14,-20.4637,16.6477,62.08,56,0,11.56
153,Falesti,MD,21-04-09 01:32:14,47.5736,27.7092,35.01,70,9,1.99
154,Sao Sebastiao,BR,21-04-09 01:32:14,-23.76,-45.4097,72.34,88,67,9.01
155,Mount Isa,AU,21-04-09 01:32:15,-20.7333,139.5,91.4,29,20,10.36
156,Bozeman,US,21-04-09 01:31:58,45.6796,-111.0386,39.0,75,75,10.36
157,Khalkhal,IR,21-04-09 01:32:15,37.6189,48.5258,49.62,67,100,2.53
158,Pevek,RU,21-04-09 01:32:15,69.7008,170.3133,-4.38,83,14,1.9
159,Tautira,PF,21-04-09 01:32:16,-17.7333,-149.15,86.0,66,75,11.5
160,Lucapa,AO,21-04-09 01:32:16,-8.4192,20.7447,65.26,97,100,2.89
161,Morondava,MG,21-04-09 01:32:16,-20.2833,44.2833,76.48,77,45,5.37
162,Caernarfon,GB,21-04-09 01:32:17,53.1413,-4.2702,44.6,81,90,13.8
163,Seoul,KR,21-04-09 01:28:26,37.5683,126.9778,57.2,41,0,9.22
164,Tuatapere,NZ,21-04-09 01:32:17,-46.1333,167.6833,64.24,47,0,1.74
165,Saveh,IR,21-04-09 01:32:17,35.0213,50.3566,63.28,52,100,14.16
166,Villa Constitucion,AR,21-04-09 01:32:18,-33.2278,-60.3297,70.0,90,55,1.01
167,Praya,CV,21-04-09 01:32:18,14.9215,-23.5087,71.6,60,0,21.85
168,Prieska,ZA,21-04-09 01:32:18,-29.6641,22.7474,72.88,37,0,5.88
169,Vostok,RU,21-04-09 01:32:19,46.4856,135.8833,29.55,68,100,6.17
170,Bilibino,RU,21-04-09 01:32:19,68.0546,166.4372,7.36,67,25,3.22
171,Mareeba,AU,21-04-09 01:32:19,-17.0,145.4333,89.01,62,40,2.3
172,El Tigre,VE,21-04-09 01:32:20,8.8875,-64.2454,82.8,58,100,11.12
173,Casper,US,21-04-09 01:31:50,42.8666,-106.3131,57.99,19,75,18.41
174,Qeshm,IR,21-04-09 01:32:20,26.9581,56.2719,69.8,100,0,4.61
175,Ribeira Grande,PT,21-04-09 01:32:20,38.5167,-28.7,60.06,82,57,11.86
176,Saint George,US,21-04-09 01:32:06,37.1041,-113.5841,80.6,4,1,20.71
177,Wamba,NG,21-04-09 01:32:21,8.9333,8.6,78.89,51,43,2.48
178,Adelaide,AU,21-04-09 01:31:07,-34.9333,138.6,69.01,45,20,11.5
179,Sola,VU,21-04-09 01:32:21,-13.8833,167.55,89.6,74,40,4.61
180,Victoria,HK,21-04-09 01:28:29,22.2855,114.1577,69.01,86,100,4.0
181,Namtsy,RU,21-04-09 01:32:21,62.7161,129.6658,30.2,80,75,2.24
182,Vilela,PT,21-04-09 01:32:22,41.2251,-7.6034,54.0,85,100,0.6
183,Sur,OM,21-04-09 01:32:22,22.5667,59.5289,78.57,45,0,9.46
184,Komsomolskiy,UZ,21-04-09 01:32:22,40.4272,71.7189,46.4,66,0,2.3
185,Puerto Ayora,EC,21-04-09 01:32:23,-0.7393,-90.3518,78.01,92,15,2.51
186,Mana,GF,21-04-09 01:32:23,5.6592,-53.7767,76.19,92,100,6.44
187,Santa Vitoria Do Palmar,BR,21-04-09 01:32:23,-33.5189,-53.3681,71.33,76,100,9.8
188,Kalabo,ZM,21-04-09 01:32:24,-14.97,22.6814,61.43,66,8,4.14
189,Port Blair,IN,21-04-09 01:32:24,11.6667,92.75,83.26,68,4,0.72
190,Gamba,GA,21-04-09 01:32:24,-2.65,10.0,75.96,89,100,10.47
191,Vestmannaeyjar,IS,21-04-09 01:32:25,63.4427,-20.2734,24.49,67,0,25.39
192,Baiyin,CN,21-04-09 01:32:25,36.5583,104.2081,55.99,76,0,6.71
193,Roald,NO,21-04-09 01:32:25,62.5833,6.1333,35.6,87,88,6.91
194,Ahuimanu,US,21-04-09 01:32:25,21.4447,-157.8378,80.6,53,40,12.66
195,Beidao,CN,21-04-09 01:32:19,34.5686,105.8933,50.0,85,100,4.21
196,Tars,TR,21-04-09 01:32:26,36.9188,34.8784,59.0,94,75,5.75
197,Ancud,CL,21-04-09 01:32:26,-41.8697,-73.8203,53.01,100,75,9.15
198,Bo Phloi,TH,21-04-09 01:32:26,14.3236,99.5161,86.0,55,58,4.9
199,Fortuna,US,21-04-09 01:32:27,40.5982,-124.1573,54.0,66,1,16.11
200,Padang,ID,21-04-09 01:32:27,-0.9492,100.3543,78.8,94,20,3.44
201,Thinadhoo,MV,21-04-09 01:32:28,0.5333,72.9333,82.4,66,12,9.93
202,Hay River,CA,21-04-09 01:32:28,60.8156,-115.7999,17.6,57,78,0.87
203,Pathein,MM,21-04-09 01:32:28,16.7833,94.7333,84.83,56,0,5.66
204,Katobu,ID,21-04-09 01:32:29,-4.9408,122.5276,84.22,70,100,3.33
205,Maturin,VE,21-04-09 01:32:29,9.75,-63.1767,77.41,78,86,8.61
206,Krasnoborsk,RU,21-04-09 01:32:29,61.5598,45.934,34.02,95,100,12.24
207,Saint Anthony,US,21-04-09 01:32:29,45.0205,-93.218,54.0,66,75,8.05
208,Werda,BW,21-04-09 01:32:30,-25.2667,23.2833,67.06,52,0,7.72
209,Muros,ES,21-04-09 01:32:30,42.7762,-9.0603,48.0,92,99,6.31
210,Vila Velha,BR,21-04-09 01:30:35,-20.3297,-40.2925,75.0,94,40,3.44
211,Ialibu,PG,21-04-09 01:32:30,-6.2821,143.9935,65.97,74,100,3.13
212,Ganta,LR,21-04-09 01:32:31,7.3022,-8.5308,71.2,98,83,1.88
213,Nakasongola,UG,21-04-09 01:32:31,1.3089,32.4564,65.12,92,94,3.65
214,Okhotsk,RU,21-04-09 01:32:31,59.3833,143.3,22.41,70,4,15.41
215,New Norfolk,AU,21-04-09 01:32:32,-42.7826,147.0587,59.0,56,63,3.0
216,Trincomalee,LK,21-04-09 01:32:32,8.5711,81.2335,79.25,78,4,5.14
217,Esperance,AU,21-04-09 01:32:32,-33.8667,121.9,64.4,77,90,10.36
218,Yumen,CN,21-04-09 01:32:33,40.2833,97.2,52.29,43,97,14.94
219,Georgetown,MY,21-04-09 01:31:04,5.4112,100.3354,84.2,83,20,4.61
220,Colwyn Bay,GB,21-04-09 01:32:33,53.2948,-3.7267,46.99,94,100,7.0
221,Broken Hill,AU,21-04-09 01:32:31,-31.95,141.4333,69.8,56,40,14.97
222,Bosobolo,CD,21-04-09 01:32:33,4.1833,19.9,72.0,88,100,2.46
223,Broome,US,21-04-09 01:32:34,42.2506,-75.833,62.6,45,1,8.05
224,Mufumbwe,ZM,21-04-09 01:32:34,-13.6833,24.8,56.41,84,15,4.88
225,Baherden,TM,21-04-09 01:32:34,38.4362,57.4316,68.61,31,0,1.92
226,Verkhovazhye,RU,21-04-09 01:32:35,60.7472,42.0465,31.62,86,100,12.21
227,Bubaque,GW,21-04-09 01:32:35,11.2833,-15.8333,77.05,69,2,14.03
228,Polunochnoye,RU,21-04-09 01:32:35,60.8697,60.4153,33.73,98,100,5.08
229,Mecca,SA,21-04-09 01:32:18,21.4267,39.8261,77.36,41,7,3.58
230,Ushtobe,KZ,21-04-09 01:32:36,45.2514,77.9838,52.18,60,5,7.02
231,Beruwala,LK,21-04-09 01:32:36,6.4788,79.9828,78.1,80,88,2.73
232,Alofi,NU,21-04-09 01:32:36,-19.0595,-169.9187,82.4,65,40,8.05
233,Maragogi,BR,21-04-09 01:32:36,-9.0122,-35.2225,79.61,73,85,9.08
234,Naze,JP,21-04-09 01:32:37,28.3667,129.4833,68.0,68,75,6.91
235,Brisbane,AU,21-04-09 01:30:22,-27.4679,153.0281,84.0,61,20,8.05
236,Bathsheba,BB,21-04-09 01:32:37,13.2167,-59.5167,78.8,65,20,12.66
237,Villarrobledo,ES,21-04-09 01:32:38,39.2699,-2.6012,45.0,69,100,4.0
238,Ustyuzhna,RU,21-04-09 01:32:38,58.8394,36.4321,25.9,93,48,7.72
239,Kyren,RU,21-04-09 01:32:38,51.6828,102.1408,37.44,74,91,3.27
240,Maarianhamina,AX,21-04-09 01:32:39,60.0973,19.9348,37.4,75,0,17.27
241,Kirknewton,GB,21-04-09 01:32:39,55.8875,-3.419,36.0,87,0,5.75
242,Walvis Bay,NA,21-04-09 01:32:39,-22.9575,14.5053,60.8,82,0,2.3
243,Monrovia,LR,21-04-09 01:32:39,6.3005,-10.7969,79.77,88,39,6.89
244,East London,ZA,21-04-09 01:32:40,-33.0153,27.9116,65.66,84,0,5.3
245,Oktyabrskiy,RU,21-04-09 01:32:40,54.4815,53.471,35.24,99,100,2.33
246,Dubbo,AU,21-04-09 01:31:34,-32.25,148.6167,80.6,47,24,13.8
247,Grand-Lahou,CI,21-04-09 01:32:41,5.1367,-5.0242,78.4,84,100,7.49
248,Evensk,RU,21-04-09 01:32:41,61.95,159.2333,19.51,67,100,12.77
249,Sitrah,BH,21-04-09 01:32:41,26.1547,50.6206,73.4,60,0,4.61
250,Nosy Varika,MG,21-04-09 01:32:42,-20.5833,48.5333,72.16,85,56,6.78
251,Zahesi,GE,21-04-09 01:32:42,41.8246,44.7536,59.0,58,0,17.27
252,San Sebastian Huehuetenango,GT,21-04-09 01:32:42,15.3833,-91.5833,64.4,63,40,1.95
253,Holly Springs,US,21-04-09 01:32:42,35.6513,-78.8336,73.0,44,100,1.01
254,Jinchang,CN,21-04-09 01:32:43,38.4953,102.1739,52.32,53,99,5.68
255,Katsuura,JP,21-04-09 01:32:43,35.1333,140.3,57.2,38,20,8.05
256,Hangu,CN,21-04-09 01:32:43,39.2489,117.7892,57.2,30,0,11.18
257,Avarua,CK,21-04-09 01:28:10,-21.2078,-159.775,84.2,79,100,8.05
258,Cayenne,GF,21-04-09 01:32:44,4.9333,-52.3333,75.99,100,75,2.3
259,Staryy Nadym,RU,21-04-09 01:32:44,65.6118,72.6842,29.82,90,100,11.92
260,Rapid City,US,21-04-09 01:30:08,44.0805,-103.231,64.4,19,1,5.75
261,Constitucion,CL,21-04-09 01:32:44,-35.3333,-72.4167,55.02,93,4,6.82
262,Dunedin,NZ,21-04-09 01:32:45,-45.8742,170.5036,59.0,74,0,11.01
263,Tuyen Quang,VN,21-04-09 01:32:45,21.8233,105.2181,68.65,88,99,1.81
264,Pakxan,LA,21-04-09 01:32:45,18.3778,103.6601,86.29,50,13,4.5
265,Chavakkad,IN,21-04-09 01:32:46,10.5333,76.05,80.6,94,40,4.88
266,Dalbandin,PK,21-04-09 01:32:46,28.8947,64.4101,68.4,13,1,3.22
267,Zakamensk,RU,21-04-09 01:32:46,50.3741,103.2863,38.71,69,99,3.53
268,Porto Santo,PT,21-04-09 01:32:47,33.072,-16.3415,62.6,82,40,13.8
269,Naryan-Mar,RU,21-04-09 01:32:47,67.6713,53.087,37.65,96,100,26.31
270,Yurgamysh,RU,21-04-09 01:32:47,55.3714,64.4656,32.65,99,100,3.67
271,Ayan,RU,21-04-09 01:32:48,56.45,138.1667,24.51,85,58,5.12
272,Barrow,US,21-04-09 01:32:48,71.2906,-156.7887,-13.0,70,40,10.36
273,Villa Rica,US,21-04-09 01:31:47,33.7321,-84.9191,69.8,56,1,3.44
274,Puhja,EE,21-04-09 01:32:48,58.3419,26.3147,33.01,74,75,11.5
275,Maracaibo,VE,21-04-09 01:32:49,10.6317,-71.6406,80.78,73,92,14.25
276,Isiro,CD,21-04-09 01:30:28,2.7739,27.616,64.62,99,100,4.05
277,Lavrentiya,RU,21-04-09 01:32:49,65.5833,-171.0,-2.9,80,6,2.44
278,Noumea,NC,21-04-09 01:30:05,-22.2763,166.4572,81.0,83,75,3.44
279,Bambanglipuro,ID,21-04-09 01:32:50,-7.95,110.2833,83.73,70,58,2.1
280,Soe,ID,21-04-09 01:32:50,-9.8607,124.284,77.63,62,100,3.85
281,Psebay,RU,21-04-09 01:32:50,44.1234,40.8107,43.36,96,100,5.21
282,Laiwu,CN,21-04-09 01:32:51,36.1928,117.6569,63.59,40,6,6.38
283,Bonnyville,CA,21-04-09 01:32:51,54.2668,-110.735,41.0,36,20,8.05
284,Atasu,KZ,21-04-09 01:32:51,48.6814,71.6433,48.58,62,51,4.14
285,Mayo,US,21-04-09 01:32:51,38.8876,-76.5119,55.99,88,1,6.91
286,Mount Pleasant,US,21-04-09 01:30:06,32.7941,-79.8626,68.0,68,1,5.75
287,Batouri,CM,21-04-09 01:32:52,4.4333,14.3667,68.11,94,100,2.01
288,Richards Bay,ZA,21-04-09 01:32:52,-28.783,32.0377,67.59,89,56,5.32
289,Namibe,AO,21-04-09 01:32:52,-15.1961,12.1522,79.57,67,86,7.7
290,Mazatlan,MX,21-04-09 01:31:40,23.2167,-106.4167,77.0,61,20,4.61
291,Shitanjing,CN,21-04-09 01:32:53,39.2342,106.3439,51.85,55,100,8.59
292,Leh,IN,21-04-09 01:32:53,34.1667,77.5833,27.79,47,100,5.79
293,Soyo,AO,21-04-09 01:32:54,-6.1349,12.3689,79.14,84,100,3.71
294,Hobyo,SO,21-04-09 01:32:54,5.3505,48.5268,80.67,73,36,9.75
295,Tashtagol,RU,21-04-09 01:32:54,52.7657,87.8894,32.63,90,97,2.35
296,Boyabat,TR,21-04-09 01:32:54,41.4689,34.7667,38.64,92,100,5.28
297,Mackay,AU,21-04-09 01:32:55,-21.15,149.2,88.0,61,49,5.75
298,Ust-Kut,RU,21-04-09 01:32:55,56.7938,105.7672,34.12,86,100,8.55
299,Ilulissat,GL,21-04-09 01:32:55,69.2167,-51.1,33.8,86,90,10.36
300,Kavieng,PG,21-04-09 01:32:56,-2.5744,150.7967,80.78,79,98,10.2
301,Prince Rupert,CA,21-04-09 01:30:07,54.3161,-130.3201,37.4,93,90,21.85
302,Santa Cruz De La Palma,ES,21-04-09 01:32:56,28.6835,-17.7642,68.0,77,0,3.02
303,Samarai,PG,21-04-09 01:32:56,-10.6167,150.6667,82.78,77,86,14.63
304,Ada,US,21-04-09 01:29:26,43.4166,-116.1262,51.8,22,1,17.27
305,Ostrovnoy,RU,21-04-09 01:32:57,68.0531,39.5131,33.3,98,100,6.06
306,Vanimo,PG,21-04-09 01:32:57,-2.6741,141.3028,86.11,65,98,7.16
307,Coihaique,CL,21-04-09 01:32:58,-45.5752,-72.0662,48.2,87,75,6.91
308,Centralia,US,21-04-09 01:32:58,46.7162,-122.9543,51.01,46,1,8.05
309,Atambua,ID,21-04-09 01:32:58,-9.1061,124.8925,81.41,67,93,0.38
310,Turukhansk,RU,21-04-09 01:32:58,65.8167,87.9833,19.65,88,100,4.09
311,Valera,VE,21-04-09 01:32:59,9.3178,-70.6036,73.85,90,100,4.81
312,Vardo,NO,21-04-09 01:32:59,70.3705,31.1107,34.66,77,100,17.81
313,Tecpan,GT,21-04-09 01:32:59,14.7623,-90.9947,69.01,77,75,13.8
314,Kathmandu,NP,21-04-09 01:33:00,27.7167,85.3167,59.0,72,20,2.3
315,Kudahuvadhoo,MV,21-04-09 01:33:00,2.6708,72.8944,82.53,67,2,9.01
316,Buala,SB,21-04-09 01:33:00,-8.145,159.5921,76.93,86,100,3.6
317,Adet,ET,21-04-09 01:33:01,11.2644,37.4888,64.09,38,25,5.23
318,Faanui,PF,21-04-09 01:33:01,-16.4833,-151.75,82.06,69,11,8.19
319,Trairi,BR,21-04-09 01:33:01,-3.2778,-39.2689,79.61,82,100,10.69
320,Hualmay,PE,21-04-09 01:31:01,-11.0964,-77.6139,69.37,87,99,7.61
321,Beloha,MG,21-04-09 01:33:02,-25.1667,45.05,68.68,95,87,5.48
322,Necochea,AR,21-04-09 01:33:02,-38.5473,-58.7368,62.87,92,66,4.99
323,Acapulco,MX,21-04-09 01:32:53,16.8634,-99.8901,80.6,74,40,6.91
324,Shimoda,JP,21-04-09 01:33:03,34.6667,138.95,57.2,41,40,12.66
325,Tahoua,NE,21-04-09 01:33:03,14.8888,5.2692,84.2,16,0,4.61
326,Belaya Gora,RU,21-04-09 01:33:03,68.5333,146.4167,9.46,84,100,5.01
327,Santa Fe,AR,21-04-09 01:33:03,-31.6333,-60.7,80.01,81,93,4.0
328,Waipawa,NZ,21-04-09 01:33:04,-41.4122,175.5153,66.99,88,40,13.8
329,Sitka,US,21-04-09 01:33:04,57.0531,-135.33,37.4,87,90,17.27
330,Boli,CN,21-04-09 01:33:04,45.7667,130.5167,42.91,36,13,7.45
331,Izhma,RU,21-04-09 01:33:05,65.0083,53.9113,38.37,96,100,17.52
332,Tamworth,GB,21-04-09 01:33:05,52.634,-1.6959,43.0,79,100,5.99
333,Lugovoy,KZ,21-04-09 01:33:05,42.9472,72.7644,51.33,49,0,4.41
334,Pozo Colorado,PY,21-04-09 01:33:06,-23.4923,-58.7972,80.96,50,14,5.66
335,Kaitangata,NZ,21-04-09 01:33:06,-46.2817,169.8464,60.01,77,0,4.0
336,Yerbogachen,RU,21-04-09 01:33:06,61.2767,108.0108,14.58,74,97,10.6
337,Coquimbo,CL,21-04-09 01:33:07,-29.9533,-71.3436,59.0,82,0,3.44
338,Luderitz,NA,21-04-09 01:33:07,-26.6481,15.1594,71.33,54,0,9.04
339,Saint-Joseph,RE,21-04-09 01:33:07,-21.3667,55.6167,75.99,78,0,8.05
340,Canico,PT,21-04-09 01:33:08,32.6333,-16.85,60.8,82,20,3.44
341,Drumheller,CA,21-04-09 01:30:02,51.4617,-112.7101,42.8,36,39,10.36
342,Emerald,AU,21-04-09 01:33:08,-23.5333,148.1667,88.0,33,5,5.75
343,Laguna,US,21-04-09 01:32:39,38.421,-121.4238,75.2,19,1,4.61
344,Zeya,RU,21-04-09 01:33:08,53.75,127.2667,31.21,77,18,3.24
345,Messina,IT,21-04-09 01:33:09,38.1933,15.5497,48.0,42,0,6.91
346,Vytegra,RU,21-04-09 01:33:09,61.0064,36.4481,27.0,89,35,9.89
347,Pisco,PE,21-04-09 01:33:09,-13.7,-76.2167,68.0,77,0,20.71
348,Yakeshi,CN,21-04-09 01:33:10,49.2833,120.7333,50.34,28,96,7.65
349,Tankara,IN,21-04-09 01:33:10,22.6667,70.7333,77.0,61,0,4.61
350,Katherine,AU,21-04-09 01:33:10,-14.4667,132.2667,87.8,62,23,6.91
351,Banting,MY,21-04-09 01:33:11,2.8167,101.5,84.2,89,20,3.44
352,Bandar,ID,21-04-09 01:33:11,2.05,99.75,82.58,68,77,1.83
353,Buluang,PH,21-04-09 01:33:11,13.3068,123.3425,86.67,54,90,0.72
354,Enterprise,US,21-04-09 01:33:11,36.0252,-115.2419,84.2,2,20,20.71
355,Lata,PT,21-04-09 01:33:12,40.1629,-8.3327,57.0,90,100,2.3
356,Bethanien,NA,21-04-09 01:33:12,-26.502,17.1583,73.78,38,0,9.75
357,Mehran,IR,21-04-09 01:33:12,33.1222,46.1646,53.6,50,28,2.3
358,Chimbote,PE,21-04-09 01:32:24,-9.0853,-78.5783,69.13,88,91,6.44
359,Severo-Kurilsk,RU,21-04-09 01:33:13,50.6789,156.125,32.31,97,100,10.71
360,Akureyri,IS,21-04-09 01:33:13,65.6835,-18.0878,24.8,50,90,12.66
361,Gondanglegi,ID,21-04-09 01:33:13,-7.7479,112.0132,83.17,77,84,8.68
362,Fez,MA,21-04-09 01:30:22,34.0372,-4.9998,57.2,94,75,2.28
363,Hagerstown,US,21-04-09 01:29:33,39.6418,-77.72,64.4,48,1,12.66
364,Beringovskiy,RU,21-04-09 01:33:14,63.05,179.3167,6.31,89,73,5.32
365,Jati,PK,21-04-09 01:33:14,24.3539,68.2671,77.99,42,0,6.42
366,Martinsburg,US,21-04-09 01:33:15,39.4562,-77.9639,61.0,51,1,13.8
367,Manokwari,ID,21-04-09 01:31:42,-0.8667,134.0833,83.23,70,100,4.41
368,Te Anau,NZ,21-04-09 01:33:15,-45.4167,167.7167,63.14,45,0,5.75
369,Touros,BR,21-04-09 01:33:15,-5.1989,-35.4608,77.0,88,20,4.61
370,Molina,CL,21-04-09 01:33:16,-35.1167,-71.2833,62.6,51,14,6.91
371,Agvali,RU,21-04-09 01:33:16,42.5385,46.1197,52.57,69,53,9.17
372,Harper,LR,21-04-09 01:33:16,4.375,-7.7169,78.53,86,38,2.1
373,Aromashevo,RU,21-04-09 01:33:17,56.8602,68.6375,33.31,98,100,3.47
374,Jasper,US,21-04-09 01:33:17,37.2001,-94.3502,64.4,29,1,8.05
375,Belyy Yar,RU,21-04-09 01:33:17,53.6039,91.3903,33.8,93,20,8.95
376,Puri,IN,21-04-09 01:33:18,19.8,85.85,77.0,73,40,1.14
377,Sampit,ID,21-04-09 01:33:18,-2.5333,112.95,86.77,63,77,3.69
378,Yarada,IN,21-04-09 01:33:18,17.65,83.2667,78.8,94,20,2.3
379,Dagana,MR,21-04-09 01:33:19,16.5165,-15.5068,77.7,30,0,15.28
380,Maceio,BR,21-04-09 01:32:44,-9.6658,-35.7353,75.2,88,0,3.44
381,Chornobay,UA,21-04-09 01:33:19,49.6708,32.3239,32.88,75,0,7.27
382,Neiafu,TO,21-04-09 01:33:19,-18.65,-173.9833,82.4,61,40,3.44
383,Cockburn Town,TC,21-04-09 01:32:15,21.4612,-71.1419,75.07,63,30,14.65
384,Ambanja,MG,21-04-09 01:33:20,-13.6833,48.45,73.56,92,56,3.56
385,Lasa,IT,21-04-09 01:33:20,46.6166,10.7002,36.0,68,0,2.3
386,Batagay,RU,21-04-09 01:33:21,67.6333,134.6333,8.74,78,100,3.53
387,Jalu,LY,21-04-09 01:33:21,29.0331,21.5482,62.62,43,15,17.52
388,Marigot,MF,21-04-09 01:33:21,18.0667,-63.0833,77.0,69,20,10.36
389,Chimore,BO,21-04-09 01:33:21,-16.9833,-65.1333,72.82,97,100,1.14
390,Karacakoy,TR,21-04-09 01:33:22,41.4029,28.3834,44.01,93,40,6.91
391,Derzhavinsk,KZ,21-04-09 01:33:22,51.1,66.3167,33.31,87,7,4.47
392,Aklavik,CA,21-04-09 01:33:22,68.2191,-135.0107,-7.6,71,100,16.11
393,Arcata,US,21-04-09 01:30:24,40.8665,-124.0828,55.0,62,1,17.27
394,Nsoko,SZ,21-04-09 01:33:23,-27.0333,31.95,65.77,96,18,2.26
395,Timizart,DZ,21-04-09 01:33:23,36.8,4.2667,56.84,63,100,7.4
396,Waingapu,ID,21-04-09 01:33:24,-9.6567,120.2641,83.55,72,22,5.19
397,Moree,AU,21-04-09 01:33:24,-29.4667,149.85,82.4,36,2,13.8
398,Namie,JP,21-04-09 01:33:24,37.4833,141.0,51.01,41,58,1.01
399,Ferrol,ES,21-04-09 01:33:24,43.4832,-8.2369,53.01,100,0,6.91
400,Mackenzie,CA,21-04-09 01:33:25,55.2999,-123.1698,37.4,44,90,13.8
401,High Level,CA,21-04-09 01:33:25,58.5169,-117.136,26.6,46,20,8.05
402,Plettenberg Bay,ZA,21-04-09 01:33:25,-34.0527,23.3716,60.33,83,0,4.7
403,Nizza Monferrato,IT,21-04-09 01:33:26,44.7738,8.3539,45.0,91,31,1.99
404,Hammerfest,NO,21-04-09 01:33:26,70.6634,23.6821,21.2,93,98,2.3
405,Rosenberg,SK,21-04-09 01:33:27,49.0748,19.3075,30.2,93,90,3.44
406,Nome,US,21-04-09 01:33:27,64.5011,-165.4064,1.4,55,1,8.05
407,Camana,PE,21-04-09 01:33:27,-16.6228,-72.7111,69.66,85,100,8.1
408,Marovoay,MG,21-04-09 01:33:28,-16.1,46.6333,77.0,88,40,4.61
409,Rawson,AR,21-04-09 01:30:49,-43.3002,-65.1023,61.5,56,98,12.95
410,Vondrozo,MG,21-04-09 01:33:28,-22.8167,47.2833,63.37,94,100,2.44
411,Ho Chi Minh City,VN,21-04-09 01:30:03,10.75,106.6667,84.2,79,40,3.44
412,Faya,SA,21-04-09 01:33:29,18.3851,42.4509,62.6,55,0,4.61
413,Kaeo,NZ,21-04-09 01:33:29,-35.1,173.7833,70.0,80,100,10.0
414,Tura,IN,21-04-09 01:33:29,25.5198,90.2201,76.23,75,1,4.85
415,Matara,LK,21-04-09 01:33:30,5.9485,80.5353,78.44,80,58,2.89
416,Chagoda,RU,21-04-09 01:33:30,59.164,35.3285,24.15,92,9,6.73
417,Wanaka,NZ,21-04-09 01:29:54,-44.7,169.15,64.99,49,0,3.0
418,Tomatlan,MX,21-04-09 01:33:30,19.9333,-105.25,68.77,83,11,2.82
419,Changping,CN,21-04-09 01:33:31,40.2186,116.2197,61.0,21,0,8.95
420,Arlit,NE,21-04-09 01:33:31,18.7369,7.3853,80.96,7,3,7.02
421,Bijie,CN,21-04-09 01:33:31,27.3125,105.2942,49.93,83,100,4.59
422,Pangai,TO,21-04-09 01:33:32,-19.8,-174.35,84.2,61,40,5.88
423,Padilla,CO,21-04-09 01:33:32,3.2204,-76.3139,75.2,73,75,6.91
424,Yar-Sale,RU,21-04-09 01:33:32,66.8333,70.8333,31.32,90,100,13.62
425,Hun,LY,21-04-09 01:33:33,29.1268,15.9477,58.41,71,5,9.69
426,Panalingaan,PH,21-04-09 01:33:33,8.7842,117.4231,84.94,62,84,1.03
427,Moron,AR,21-04-09 01:33:10,-34.6534,-58.6198,69.01,94,75,10.36
428,Morinville,CA,21-04-09 01:33:34,53.8001,-113.652,41.0,28,20,6.91
429,Nacala,MZ,21-04-09 01:33:34,-14.5428,40.6728,70.02,95,84,7.96
430,Gubkinskiy,RU,21-04-09 01:33:18,64.434,76.5026,31.19,92,100,6.64
431,Bridlington,GB,21-04-09 01:33:34,54.0831,-0.1919,42.01,85,100,1.99
432,Lorengau,PG,21-04-09 01:33:35,-2.0226,147.2712,81.57,84,100,12.86
433,Palu,ID,21-04-09 01:31:09,-0.8917,119.8707,89.74,56,93,1.97
434,Nemuro,JP,21-04-09 01:33:35,43.3236,145.575,37.4,48,75,10.36
435,North Battleford,CA,21-04-09 01:33:36,52.7834,-108.2847,41.0,60,75,16.11
436,Madang,PG,21-04-09 01:33:36,-5.2246,145.7966,85.77,62,100,4.32
437,Kosh-Agach,RU,21-04-09 01:33:36,50.0,88.6667,27.18,68,47,2.28
438,Zwedru,LR,21-04-09 01:33:37,6.0667,-8.1281,74.62,96,100,2.64
439,Tahe,CN,21-04-09 01:33:37,52.3333,124.7333,41.59,38,39,4.41
440,San Isidro,PE,21-04-09 01:33:37,-12.1167,-77.05,68.0,83,40,9.22
441,Ixtapa,MX,21-04-09 01:32:07,20.7,-105.2,77.0,78,40,10.36
442,Abu Samrah,SY,21-04-09 01:33:38,35.3029,37.1841,52.99,80,2,6.64
443,Salym,RU,21-04-09 01:33:38,60.0625,71.4789,32.47,87,7,8.46
444,Jever,DE,21-04-09 01:33:38,53.5833,7.9,41.0,60,100,18.41
445,Caravelas,BR,21-04-09 01:33:39,-17.7125,-39.2481,74.77,78,69,11.45
446,Piacabucu,BR,21-04-09 01:33:39,-10.4056,-36.4344,77.61,73,97,7.05
447,Ca Mau,VN,21-04-09 01:33:39,9.1769,105.15,88.27,52,79,4.79
448,Sept-Iles,CA,21-04-09 01:30:05,50.2001,-66.3821,39.0,100,40,2.3
449,Pilar,BR,21-04-09 01:33:40,-9.5972,-35.9567,75.2,88,0,3.44
450,Villamontes,BO,21-04-09 01:32:07,-21.25,-63.5,78.96,64,100,3.29
451,Quelimane,MZ,21-04-09 01:33:40,-17.8786,36.8883,77.0,78,20,2.3
452,Nuevo Progreso,MX,21-04-09 01:33:40,23.1667,-97.95,77.0,71,71,1.01
453,Zaozerne,UA,21-04-09 01:33:41,45.1582,33.2787,39.0,64,100,14.58
454,Rocha,UY,21-04-09 01:33:41,-34.4833,-54.3333,67.24,93,100,7.25
455,Livingston,GB,21-04-09 01:30:29,55.9029,-3.5226,36.0,80,0,6.91
456,Los Llanos De Aridane,ES,21-04-09 01:33:41,28.6585,-17.9182,68.0,77,0,4.05
457,Otavi,NA,21-04-09 01:33:42,-19.65,17.3333,61.77,58,0,10.54
458,Riyadh,SA,21-04-09 01:33:21,24.6877,46.7219,75.2,20,0,3.44
459,Dolores,AR,21-04-09 01:31:04,-36.3132,-57.6792,65.89,96,100,9.95
460,Ust-Maya,RU,21-04-09 01:33:42,60.4167,134.5333,30.09,78,100,10.45
461,Isangel,VU,21-04-09 01:33:43,-19.55,169.2667,84.2,74,75,9.22
462,Kangaatsiaq,GL,21-04-09 01:33:43,68.3065,-53.4641,29.66,97,100,9.6
463,Grootfontein,NA,21-04-09 01:33:43,-19.5667,18.1167,53.6,94,0,1.14
464,Murray Bridge,AU,21-04-09 01:33:43,-35.1167,139.2667,63.0,66,21,12.8
465,Anzhero-Sudzhensk,RU,21-04-09 01:33:44,56.081,86.0285,24.8,100,20,5.88
466,Praia,CV,21-04-09 01:33:44,14.9215,-23.5087,71.6,60,0,21.85
467,Kahului,US,21-04-09 01:29:42,20.8947,-156.47,80.6,50,40,23.02
468,Nouadhibou,MR,21-04-09 01:33:44,20.931,-17.0347,66.2,72,0,18.41
469,Trat,TH,21-04-09 01:33:45,12.5,102.5,84.99,99,100,2.68
470,Kirakira,SB,21-04-09 01:33:45,-10.4544,161.9205,78.94,85,100,11.01
471,Columbus,US,21-04-09 01:30:01,39.9612,-82.9988,62.6,88,90,8.05
472,Peleduy,RU,21-04-09 01:33:45,59.6289,112.7406,26.22,89,100,8.46
473,Hohhot,CN,21-04-09 01:33:46,40.8106,111.6522,51.8,54,42,4.47
474,Codrington,AU,21-04-09 01:33:46,-38.2667,141.9667,61.18,56,76,15.19
475,Camacha,PT,21-04-09 01:33:46,33.0833,-16.3333,62.6,82,40,13.8
476,Vila Franca Do Campo,PT,21-04-09 01:33:47,37.7167,-25.4333,59.0,88,75,17.27
477,Kazerun,IR,21-04-09 01:33:47,29.6195,51.6541,66.36,23,27,3.06
478,Flinders,AU,21-04-09 01:33:47,-34.5833,150.8552,71.01,72,100,1.99
479,Sinazongwe,ZM,21-04-09 01:33:47,-17.2614,27.4618,67.64,66,15,0.4
480,Iqaluit,CA,21-04-09 01:33:48,63.7506,-68.5145,21.2,79,90,11.5
481,San Luis,AR,21-04-09 01:31:21,-33.295,-66.3356,64.09,90,95,6.69
482,Hami,CN,21-04-09 01:33:48,42.8,93.45,61.25,27,100,5.79
483,Kruisfontein,ZA,21-04-09 01:33:48,-34.0033,24.7314,60.01,93,49,5.39
484,La Solana,ES,21-04-09 01:33:49,38.9442,-3.2381,51.01,81,100,3.0
485,Disa,IN,21-04-09 01:33:49,24.25,72.1667,78.76,10,0,3.76
486,Neyshabur,IR,21-04-09 01:33:49,36.2133,58.7958,60.96,30,0,2.17
487,Menzelinsk,RU,21-04-09 01:33:50,55.7271,53.1026,39.2,87,100,6.71
488,Moranbah,AU,21-04-09 01:33:50,-22.0016,148.0466,87.76,28,38,3.56
489,Clyde River,CA,21-04-09 01:33:50,70.4692,-68.5914,8.6,92,90,34.52
490,Galich,RU,21-04-09 01:33:51,58.3797,42.3475,32.04,88,100,8.28
491,Kushima,JP,21-04-09 01:33:51,31.4583,131.2333,64.4,42,75,12.66
492,San Quintin,MX,21-04-09 01:33:51,30.4833,-115.95,62.28,72,3,15.77
493,Aiquile,BO,21-04-09 01:33:51,-18.2041,-65.1807,57.92,91,21,3.91
494,Dutse,NG,21-04-09 01:33:52,11.7594,9.3392,77.13,13,86,4.74
495,Krasnogorskiy,RU,21-04-09 01:33:52,54.6025,61.231,30.51,94,51,3.44
496,Sibolga,ID,21-04-09 01:33:52,1.7427,98.7792,81.64,76,100,1.5
497,Ambovombe,MG,21-04-09 01:33:53,-25.1667,46.0833,69.06,87,100,4.07
498,High Rock,BS,21-04-09 01:33:53,26.6208,-78.2833,69.8,64,1,9.75
499,Matay,EG,21-04-09 01:33:53,28.419,30.7792,58.03,61,0,15.05
500,Wattegama,LK,21-04-09 01:33:54,6.7989,81.4808,73.4,100,20,1.14
501,Teya,RU,21-04-09 01:33:54,60.3778,92.6267,33.31,95,100,3.74
502,Dhuwaran,IN,21-04-09 01:33:54,22.2333,72.8,77.0,78,0,3.44
503,Grants,US,21-04-09 01:33:54,35.1473,-107.8514,64.4,13,1,14.97
504,Petropavlovsk-Kamchatskiy,RU,21-04-09 01:30:21,53.0452,158.6483,37.4,60,75,15.66
505,Polewali,ID,21-04-09 01:33:55,-3.4324,119.3435,81.39,79,88,1.23
506,Boda,CF,21-04-09 01:33:55,4.3189,17.4695,70.38,92,94,2.62
507,San Vicente,AR,21-04-09 01:33:56,-26.6167,-54.1333,65.39,69,59,2.89
508,Bud,US,21-04-09 01:33:56,39.447,-86.1758,60.01,67,100,11.34
509,Kysyl-Syr,RU,21-04-09 01:33:56,63.8986,122.7617,21.72,88,100,6.55
510,Raga,SS,21-04-09 01:33:57,8.4596,25.678,81.41,48,84,7.05
511,Boa Vista,BR,21-04-09 01:33:57,2.8197,-60.6733,77.0,83,40,3.44
512,Salinas,US,21-04-09 01:33:57,36.6777,-121.6555,59.0,58,1,10.36
513,Kloulklubed,PW,21-04-09 01:33:58,7.0419,134.2556,84.2,74,75,5.75
514,Ina,JP,21-04-09 01:33:58,35.8276,137.9538,57.0,49,20,4.61
515,Gambela,ET,21-04-09 01:33:58,8.25,34.5833,78.89,44,15,3.11
516,Mehamn,NO,21-04-09 01:33:58,71.0357,27.8492,30.87,71,100,12.19
517,Matagami,CA,21-04-09 01:32:33,49.7502,-77.6328,46.4,93,90,4.61
518,Kupino,RU,21-04-09 01:33:59,54.3663,77.2981,31.48,93,99,12.88
519,Rodeo,US,21-04-09 01:33:59,38.033,-122.2669,69.8,32,1,9.22
520,Turbat,PK,21-04-09 01:30:13,26.0023,63.044,76.14,23,16,2.98
521,Gao,ML,21-04-09 01:34:00,16.6362,1.637,82.17,8,64,9.6
522,Worland,US,21-04-09 01:34:00,44.0169,-107.9554,42.8,61,20,31.07
523,Bhatkal,IN,21-04-09 01:34:00,13.9667,74.5667,80.38,76,17,1.86
524,Wanning,CN,21-04-09 01:34:01,18.8003,110.3967,79.38,72,29,7.54
525,Placido De Castro,BR,21-04-09 01:34:01,-10.3353,-67.1856,73.8,95,97,2.82
526,Pombas,CV,21-04-09 01:34:01,17.1503,-25.0201,69.8,73,20,18.41
527,Bertoua,CM,21-04-09 01:34:02,4.5833,13.6833,69.22,93,100,2.91
528,College,US,21-04-09 01:34:02,64.8569,-147.8028,9.0,52,75,16.11
529,Avera,US,21-04-09 01:34:02,33.194,-82.5271,69.8,73,1,4.61
530,Mangrol,IN,21-04-09 01:34:02,21.1167,70.1167,78.44,69,0,9.51
531,Zhangye,CN,21-04-09 01:34:03,38.9342,100.4517,43.3,77,100,18.52
532,Karratha,AU,21-04-09 01:34:03,-20.7377,116.8463,83.28,67,100,14.34
533,Narsaq,GL,21-04-09 01:34:03,60.9167,-46.05,35.6,69,90,2.3
534,Ismailia,EG,21-04-09 01:34:04,30.6043,32.2723,55.42,81,3,7.29
535,Sao Filipe,CV,21-04-09 01:34:04,14.8961,-24.4956,73.76,67,2,8.03
536,Edd,ER,21-04-09 01:34:04,13.9297,41.6925,84.74,22,13,15.08
537,Kiunga,PG,21-04-09 01:34:05,-6.1219,141.2906,85.21,62,97,2.33
538,Pahalgam,IN,21-04-09 01:34:05,34.0333,75.3333,33.78,69,30,7.74
539,Marsh Harbour,BS,21-04-09 01:29:15,26.5412,-77.0636,71.51,58,1,8.3
540,Mandalgovi,MN,21-04-09 01:34:05,45.7625,106.2708,52.21,20,16,11.34
541,Eydhafushi,MV,21-04-09 01:34:06,5.1033,73.0708,82.31,73,13,10.94
542,Belmonte,BR,21-04-09 01:34:06,-15.8631,-38.8828,78.8,65,40,8.05
543,Tateyama,JP,21-04-09 01:34:06,34.9833,139.8667,57.2,41,40,12.66
544,Veraval,IN,21-04-09 01:34:07,20.9,70.3667,77.9,72,0,10.65
545,Asfi,MA,21-04-09 01:34:07,32.2994,-9.2372,58.39,81,47,10.87
546,Denpasar,ID,21-04-09 01:32:16,-8.65,115.2167,86.0,70,20,2.3
547,Corner Brook,CA,21-04-09 01:34:07,48.9667,-57.9484,44.6,100,75,3.13
548,Drayton Valley,CA,21-04-09 01:34:08,53.2168,-114.9854,39.99,40,57,0.98
549,Manaure,CO,21-04-09 01:34:08,11.7751,-72.4445,80.6,75,100,18.1
550,Half Moon Bay,US,21-04-09 01:34:08,37.4636,-122.4286,59.0,76,1,11.5
551,Iramuco,MX,21-04-09 01:34:09,19.95,-100.9167,77.0,22,75,10.36
552,Ladario,BR,21-04-09 01:34:09,-19.0047,-57.6017,78.85,64,61,2.46
553,Moose Factory,CA,21-04-09 01:34:09,51.2585,-80.6094,35.6,93,90,11.5
554,Nicoya,CR,21-04-09 01:34:08,10.1483,-85.452,71.6,94,75,5.75
555,Cabo San Lucas,MX,21-04-09 01:34:10,22.8909,-109.9124,80.6,39,1,11.5
556,Chernyshkovskiy,RU,21-04-09 01:34:10,48.4219,42.2308,40.33,73,100,18.54
557,Maputo,MZ,21-04-09 01:34:10,-25.9653,32.5892,73.99,88,40,6.91
558,Salinopolis,BR,21-04-09 01:34:11,-0.6136,-47.3561,78.53,88,100,11.5
559,San Bernardo,CL,21-04-09 01:34:11,-33.6,-70.7167,63.0,45,0,14.97
560,Mozarlandia,BR,21-04-09 01:34:11,-14.7447,-50.5706,73.6,77,100,4.7
561,Ponta Do Sol,PT,21-04-09 01:34:11,32.6667,-17.1,57.99,72,100,1.99
562,Show Low,US,21-04-09 01:34:12,34.2542,-110.0298,64.4,17,1,18.41
563,Sao Joao Da Barra,BR,21-04-09 01:34:12,-21.6403,-41.0511,74.01,75,43,8.84
564,Kosa,RU,21-04-09 01:34:12,59.9445,54.9977,35.06,97,100,10.25
565,Nadigaon,IN,21-04-09 01:34:13,26.1167,79.0333,81.75,12,0,6.55
566,Kroya,ID,21-04-09 01:34:13,-7.6331,109.2461,84.0,70,67,1.28
567,Wuda,CN,21-04-09 01:34:13,39.4994,106.7117,56.21,50,100,10.25
568,Crestview,US,21-04-09 01:34:14,30.7621,-86.5705,69.8,88,40,5.75
569,Acari,PE,21-04-09 01:34:14,-15.4311,-74.6158,71.1,84,100,2.35
570,Sebezh,RU,21-04-09 01:34:14,56.2955,28.4654,29.89,78,41,6.96
571,Pauini,BR,21-04-09 01:34:15,-7.7136,-66.9764,73.35,99,100,1.88
572,Anadyr,RU,21-04-09 01:34:15,64.75,177.4833,0.0,71,0,4.47
573,Sarlat-La-Caneda,FR,21-04-09 01:34:15,44.889,1.2166,37.99,79,100,5.79
574,Shaowu,CN,21-04-09 01:34:16,27.3409,117.4831,57.76,84,100,1.92
575,Corowa,AU,21-04-09 01:34:16,-36.0333,146.3833,69.01,62,1,5.99
576,Zhanaozen,KZ,21-04-09 01:34:16,43.3,52.8,58.39,48,0,16.67
577,Gizo,SB,21-04-09 01:34:16,-8.103,156.8419,81.88,80,100,15.88
578,Lincoln,US,21-04-09 01:30:04,40.8,-96.667,50.0,94,100,2.77
579,Mayumba,GA,21-04-09 01:34:17,-3.432,10.6554,76.06,90,100,7.54
580,Pinawa,CA,21-04-09 01:34:17,50.1489,-95.8811,38.39,94,100,7.4
581,The Pas,CA,21-04-09 01:34:17,53.8251,-101.2541,48.2,49,75,11.5
